<tcccp:Item xmlns:tcccp="http://www.tridion.com/ContentManager/5.2/ImportExport"><tcccp:BlueprintParentUrl></tcccp:BlueprintParentUrl><tcccp:PrimaryBlueprintParentUrl></tcccp:PrimaryBlueprintParentUrl><tcccp:BinaryFileLocation></tcccp:BinaryFileLocation><tcm:Data xmlns:tcm="http://www.tridion.com/ContentManager/5.0"><tcm:Title>DWT PT Partition</tcm:Title><tcm:Type>DreamweaverTemplate</tcm:Type><tcm:Content><tcm:PublisherScript>&lt;html&gt;
&lt;body&gt;
&lt;h1&gt;Here are the foos, except for any that might be FA3s, as the schema=FA3 rule comes before the CT=Foo rule&lt;/h1&gt;
&lt;!-- TemplateBeginRepeat name="Foo" --&gt;
@@RenderComponentPresentation()@@
&lt;!-- TemplateEndRepeat --&gt;
&lt;h1&gt;All the FA3s&lt;/h1&gt;
&lt;!-- TemplateBeginRepeat name="AllTheFA3s" --&gt;
@@RenderComponentPresentation()@@
&lt;!-- TemplateEndRepeat --&gt;
&lt;h1&gt;And the rest&lt;/h1&gt;
&lt;!-- TemplateBeginRepeat name="Components" --&gt;
@@RenderComponentPresentation()@@
&lt;!-- TemplateEndRepeat --&gt;
&lt;/body&gt;
&lt;/html&gt;</tcm:PublisherScript></tcm:Content><tcm:ApprovalStatus xmlns:xlink="http://www.w3.org/1999/xlink" xlink:type="simple" xlink:title="Undefined" xlink:href="tcm:0-0-0" /><tcm:MetadataSchema xmlns:xlink="http://www.w3.org/1999/xlink" xlink:type="simple" xlink:title="" xlink:href="tcm:0-0-0" /><tcm:ParameterSchema xmlns:xlink="http://www.w3.org/1999/xlink" xlink:type="simple" xlink:title="Default Template Building Block Parameter Schema" xlink:href="/webdav/Partition/Building%20Blocks/Default%20Templates/Default%20Template%20Building%20Block%20Parameter%20Schema.xsd" /><tcm:Metadata /></tcm:Data><tcccp:Dependencies><tcccp:Dependency itemUrl="/webdav/Partition" mandatory="true" xpath="" itemType="Publication" dependencyType="Publication" /><tcccp:Dependency itemUrl="/webdav/Partition/Building%20Blocks" mandatory="true" xpath="" itemType="Folder" dependencyType="OrganizationalItemFolder" /><tcccp:Dependency itemUrl="/webdav/Partition/Building%20Blocks/Default%20Templates/Default%20Template%20Building%20Block%20Parameter%20Schema.xsd" mandatory="true" xpath="tcm:Data/tcm:ParameterSchema/@xlink:href" itemType="Schema" dependencyType="ParameterSchema" /><tcccp:Dependency itemUrl="tcm:0-0-0" mandatory="true" xpath="tcm:Data/tcm:MetadataSchema/@xlink:href" itemType="Schema" dependencyType="MetadataSchema" /><tcccp:Dependency itemUrl="tcm:0-0-0" itemType="ApprovalStatus" dependencyType="ApprovalStatus" mandatory="true" xpath="tcm:Data/tcm:ApprovalStatus/@xlink:href" /></tcccp:Dependencies><tcccp:TemplateReferences /></tcccp:Item>