<?xml version="1.0" encoding="utf-8"?><tcccp:Index version="3.0" automaticTrusteeId="3" xmlns:tcccp="http://www.tridion.com/ContentManager/5.2/ImportExport"><tcccp:Item title="Partition" type="Publication" subtype="0" extension="" uri="0-2-1" blueprintStatus="LocalItem" isExported="true" isSysItem="false"><tcccp:Item title="Building%20Blocks" type="Folder" subtype="0" extension="" uri="2-8-2" blueprintStatus="LocalItem" isExported="true" isSysItem="false"><tcccp:Item title="Default%20Multimedia%20Schema" type="Schema" subtype="1" extension="xsd" uri="2-82-8" blueprintStatus="LocalItem" isExported="true" isSysItem="true" /><tcccp:Item title="Default%20Templates" type="Folder" subtype="0" extension="" uri="2-9-2" blueprintStatus="LocalItem" isExported="true" isSysItem="false"><tcccp:Item title="Default%20Template%20Building%20Block" type="TemplateBuildingBlock" subtype="0" extension="tbbcmp" uri="2-76-2048" blueprintStatus="LocalItem" isExported="true" isSysItem="true" /><tcccp:Item title="Default%20Template%20Building%20Block%20Parameter%20Schema" type="Schema" subtype="6" extension="xsd" uri="2-75-8" blueprintStatus="LocalItem" isExported="true" isSysItem="false" /><tcccp:Item title="Publish%20Binaries%20in%20Package" type="TemplateBuildingBlock" subtype="0" extension="tbbcs" uri="2-66-2048" blueprintStatus="LocalItem" isExported="true" isSysItem="false" /><tcccp:Item title="Publish%20Binaries%20in%20Package%20Parameters%20Schema" type="Schema" subtype="6" extension="xsd" uri="2-65-8" blueprintStatus="LocalItem" isExported="true" isSysItem="false" /><tcccp:Item title="Link%20Resolver" type="TemplateBuildingBlock" subtype="0" extension="tbbcs" uri="2-68-2048" blueprintStatus="LocalItem" isExported="true" isSysItem="false" /><tcccp:Item title="Link%20Resolver%20Parameters%20Schema" type="Schema" subtype="6" extension="xsd" uri="2-67-8" blueprintStatus="LocalItem" isExported="true" isSysItem="false" /><tcccp:Item title="Target%20Group%20Personalization" type="TemplateBuildingBlock" subtype="0" extension="tbbcs" uri="2-69-2048" blueprintStatus="LocalItem" isExported="true" isSysItem="false" /><tcccp:Item title="Cleanup%20Template" type="TemplateBuildingBlock" subtype="0" extension="tbbcs" uri="2-70-2048" blueprintStatus="LocalItem" isExported="true" isSysItem="false" /><tcccp:Item title="Convert%20Xml%20to%20Html" type="TemplateBuildingBlock" subtype="0" extension="tbbcs" uri="2-72-2048" blueprintStatus="LocalItem" isExported="true" isSysItem="false" /><tcccp:Item title="Convert%20Xml%20to%20Html%20Parameters%20Schema" type="Schema" subtype="6" extension="xsd" uri="2-71-8" blueprintStatus="LocalItem" isExported="true" isSysItem="false" /><tcccp:Item title="Default%20Component%20Template" type="ComponentTemplate" subtype="0" extension="tctcmp" uri="2-81-32" blueprintStatus="LocalItem" isExported="true" isSysItem="true" /><tcccp:Item title="Default%20Dreamweaver%20Component%20Design" type="TemplateBuildingBlock" subtype="0" extension="dwt" uri="2-78-2048" blueprintStatus="LocalItem" isExported="true" isSysItem="false" /><tcccp:Item title="Dreamweaver%20Region%20Selection%20Parameter%20Schema" type="Schema" subtype="6" extension="xsd" uri="2-77-8" blueprintStatus="LocalItem" isExported="true" isSysItem="false" /><tcccp:Item title="Default%20Finish%20Actions" type="TemplateBuildingBlock" subtype="0" extension="tbbcmp" uri="2-74-2048" blueprintStatus="LocalItem" isExported="true" isSysItem="false" /><tcccp:Item title="Default%20Finish%20Actions%20Parameter%20Schema" type="Schema" subtype="6" extension="xsd" uri="2-73-8" blueprintStatus="LocalItem" isExported="true" isSysItem="false" /><tcccp:Item title="Default%20Page%20Template" type="PageTemplate" subtype="0" extension="tptcmp" uri="2-80-128" blueprintStatus="LocalItem" isExported="true" isSysItem="true" /><tcccp:Item title="Extract%20Components%20from%20Page" type="TemplateBuildingBlock" subtype="0" extension="tbbcs" uri="2-64-2048" blueprintStatus="LocalItem" isExported="true" isSysItem="false" /><tcccp:Item title="Default%20Dreamweaver%20Page%20Design" type="TemplateBuildingBlock" subtype="0" extension="dwt" uri="2-79-2048" blueprintStatus="LocalItem" isExported="true" isSysItem="false" /></tcccp:Item><tcccp:Item title="FA1" type="Schema" subtype="0" extension="xsd" uri="2-83-8" blueprintStatus="LocalItem" isExported="true" isSysItem="false" /><tcccp:Item title="FA2" type="Schema" subtype="0" extension="xsd" uri="2-84-8" blueprintStatus="LocalItem" isExported="true" isSysItem="false" /><tcccp:Item title="FA3" type="Schema" subtype="0" extension="xsd" uri="2-91-8" blueprintStatus="LocalItem" isExported="true" isSysItem="false" /><tcccp:Item title="Another%20FA3" type="Component" subtype="0" extension="xml" uri="2-93" blueprintStatus="LocalItem" isExported="true" isSysItem="false" /><tcccp:Item title="First%20FA1" type="Component" subtype="0" extension="xml" uri="2-87" blueprintStatus="LocalItem" isExported="true" isSysItem="false" /><tcccp:Item title="First%20FA3" type="Component" subtype="0" extension="xml" uri="2-92" blueprintStatus="LocalItem" isExported="true" isSysItem="false" /><tcccp:Item title="Second%20FA1" type="Component" subtype="0" extension="xml" uri="2-90" blueprintStatus="LocalItem" isExported="true" isSysItem="false" /><tcccp:Item title="CT%20Bar" type="ComponentTemplate" subtype="0" extension="tctcmp" uri="2-88-32" blueprintStatus="LocalItem" isExported="true" isSysItem="false" /><tcccp:Item title="DWT%20FA%20detail" type="TemplateBuildingBlock" subtype="0" extension="dwt" uri="2-85-2048" blueprintStatus="LocalItem" isExported="true" isSysItem="false" /><tcccp:Item title="CT%20Foo" type="ComponentTemplate" subtype="0" extension="tctcmp" uri="2-86-32" blueprintStatus="LocalItem" isExported="true" isSysItem="false" /><tcccp:Item title="CT%20Wibble" type="ComponentTemplate" subtype="0" extension="tctcmp" uri="2-89-32" blueprintStatus="LocalItem" isExported="true" isSysItem="false" /><tcccp:Item title="PT%20Partition" type="PageTemplate" subtype="0" extension="tptcmp" uri="2-96-128" blueprintStatus="LocalItem" isExported="true" isSysItem="false" /><tcccp:Item title="PartitionExample" type="TemplateBuildingBlock" subtype="0" extension="tbbcs" uri="2-95-2048" blueprintStatus="LocalItem" isExported="true" isSysItem="false" /><tcccp:Item title="Assy%20TridionPractice" type="TemplateBuildingBlock" subtype="0" extension="tbbasm" uri="2-94-2048" blueprintStatus="LocalItem" isExported="true" isSysItem="false" /><tcccp:Item title="DWT%20PT%20Partition" type="TemplateBuildingBlock" subtype="0" extension="dwt" uri="2-97-2048" blueprintStatus="LocalItem" isExported="true" isSysItem="false" /></tcccp:Item><tcccp:Item title="root" type="StructureGroup" subtype="0" extension="" uri="2-10-4" blueprintStatus="LocalItem" isExported="true" isSysItem="false"><tcccp:Item title="test" type="Page" subtype="0" extension="tpg" uri="2-98-64" blueprintStatus="LocalItem" isExported="true" isSysItem="false" /></tcccp:Item><tcccp:Item title="Workflow" type="VirtualItemWorkflow" subtype="0" extension="" uri="0-0-0" blueprintStatus="LocalItem" isExported="false" isSysItem="false"><tcccp:Item title="Component%20Process" type="ProcessDefinition" subtype="0" extension="tpd" uri="2-5-131074" blueprintStatus="LocalItem" isExported="true" isSysItem="false" /><tcccp:Item title="Page%20Process" type="ProcessDefinition" subtype="0" extension="tpd" uri="2-6-131074" blueprintStatus="LocalItem" isExported="true" isSysItem="false" /></tcccp:Item></tcccp:Item><tcccp:Item title="System%20Administration" type="VirtualItemSystemAdministration" subtype="0" extension="" uri="0-0-0" blueprintStatus="LocalItem" isExported="false" isSysItem="false"><tcccp:Item title="Content%20Configuration" type="VirtualItemContentConfiguration" subtype="0" extension="" uri="0-0-0" blueprintStatus="LocalItem" isExported="false" isSysItem="false"><tcccp:Item title="Multimedia%20Types" type="VirtualItemMultimediaTypes" subtype="0" extension="" uri="0-0-0" blueprintStatus="LocalItem" isExported="false" isSysItem="false"><tcccp:Item title="Gif%20image" type="MultimediaType" subtype="0" extension="tmt" uri="0-1-65544" blueprintStatus="LocalItem" isExported="true" isSysItem="false" /><tcccp:Item title="Jpeg%20image" type="MultimediaType" subtype="0" extension="tmt" uri="0-2-65544" blueprintStatus="LocalItem" isExported="true" isSysItem="false" /><tcccp:Item title="Png%20image" type="MultimediaType" subtype="0" extension="tmt" uri="0-3-65544" blueprintStatus="LocalItem" isExported="true" isSysItem="false" /><tcccp:Item title="Word%20document" type="MultimediaType" subtype="0" extension="tmt" uri="0-4-65544" blueprintStatus="LocalItem" isExported="true" isSysItem="false" /><tcccp:Item title="Excel%20sheet" type="MultimediaType" subtype="0" extension="tmt" uri="0-5-65544" blueprintStatus="LocalItem" isExported="true" isSysItem="false" /><tcccp:Item title="Powerpoint%20presentation" type="MultimediaType" subtype="0" extension="tmt" uri="0-6-65544" blueprintStatus="LocalItem" isExported="true" isSysItem="false" /><tcccp:Item title="Pdf%20document" type="MultimediaType" subtype="0" extension="tmt" uri="0-7-65544" blueprintStatus="LocalItem" isExported="true" isSysItem="false" /><tcccp:Item title="Sound%20file" type="MultimediaType" subtype="0" extension="tmt" uri="0-8-65544" blueprintStatus="LocalItem" isExported="true" isSysItem="false" /><tcccp:Item title="Plain%20text" type="MultimediaType" subtype="0" extension="tmt" uri="0-9-65544" blueprintStatus="LocalItem" isExported="true" isSysItem="false" /><tcccp:Item title="Rich%20text" type="MultimediaType" subtype="0" extension="tmt" uri="0-10-65544" blueprintStatus="LocalItem" isExported="true" isSysItem="false" /><tcccp:Item title="Executable" type="MultimediaType" subtype="0" extension="tmt" uri="0-11-65544" blueprintStatus="LocalItem" isExported="true" isSysItem="false" /><tcccp:Item title="MSAccess%20database" type="MultimediaType" subtype="0" extension="tmt" uri="0-12-65544" blueprintStatus="LocalItem" isExported="true" isSysItem="false" /><tcccp:Item title="Bitmap%20image" type="MultimediaType" subtype="0" extension="tmt" uri="0-13-65544" blueprintStatus="LocalItem" isExported="true" isSysItem="false" /><tcccp:Item title="Real%20player" type="MultimediaType" subtype="0" extension="tmt" uri="0-14-65544" blueprintStatus="LocalItem" isExported="true" isSysItem="false" /><tcccp:Item title="QuickTime%20movie" type="MultimediaType" subtype="0" extension="tmt" uri="0-15-65544" blueprintStatus="LocalItem" isExported="true" isSysItem="false" /><tcccp:Item title="Mp3%20music" type="MultimediaType" subtype="0" extension="tmt" uri="0-16-65544" blueprintStatus="LocalItem" isExported="true" isSysItem="false" /><tcccp:Item title="Mpeg%20video" type="MultimediaType" subtype="0" extension="tmt" uri="0-17-65544" blueprintStatus="LocalItem" isExported="true" isSysItem="false" /><tcccp:Item title="Flash%20file" type="MultimediaType" subtype="0" extension="tmt" uri="0-18-65544" blueprintStatus="LocalItem" isExported="true" isSysItem="false" /><tcccp:Item title="Cascading%20style%20sheets" type="MultimediaType" subtype="0" extension="tmt" uri="0-19-65544" blueprintStatus="LocalItem" isExported="true" isSysItem="false" /><tcccp:Item title="Java%20script" type="MultimediaType" subtype="0" extension="tmt" uri="0-20-65544" blueprintStatus="LocalItem" isExported="true" isSysItem="false" /><tcccp:Item title="Configuration%20settings" type="MultimediaType" subtype="0" extension="tmt" uri="0-21-65544" blueprintStatus="LocalItem" isExported="true" isSysItem="false" /></tcccp:Item></tcccp:Item><tcccp:Item title="Access%20Management" type="VirtualItemAccessManagement" subtype="0" extension="" uri="0-0-0" blueprintStatus="LocalItem" isExported="false" isSysItem="false"><tcccp:Item title="Groups" type="VirtualItemGroups" subtype="0" extension="" uri="0-0-0" blueprintStatus="LocalItem" isExported="false" isSysItem="false"><tcccp:Item title="Everyone" type="Group" subtype="0" extension="tgp" uri="0-0-0" blueprintStatus="LocalItem" isExported="false" isSysItem="false" /><tcccp:Item title="Editor" type="Group" subtype="0" extension="tgp" uri="0-7-65568" blueprintStatus="LocalItem" isExported="true" isSysItem="false" /><tcccp:Item title="Chief%20Editor" type="Group" subtype="0" extension="tgp" uri="0-8-65568" blueprintStatus="LocalItem" isExported="true" isSysItem="false" /></tcccp:Item></tcccp:Item><tcccp:Item title="Workflow%20Management" type="VirtualItemWorkflowManagement" subtype="0" extension="" uri="0-0-0" blueprintStatus="LocalItem" isExported="false" isSysItem="false"><tcccp:Item title="Approval%20Statuses" type="VirtualItemApprovalStatuses" subtype="0" extension="" uri="0-0-0" blueprintStatus="LocalItem" isExported="false" isSysItem="false"><tcccp:Item title="Default_Draft" type="ApprovalStatus" subtype="0" extension="tas" uri="0-2-131073" blueprintStatus="LocalItem" isExported="true" isSysItem="false" /><tcccp:Item title="Default_Staging" type="ApprovalStatus" subtype="0" extension="tas" uri="0-3-131073" blueprintStatus="LocalItem" isExported="true" isSysItem="false" /><tcccp:Item title="Default_Live" type="ApprovalStatus" subtype="0" extension="tas" uri="0-4-131073" blueprintStatus="LocalItem" isExported="true" isSysItem="false" /></tcccp:Item></tcccp:Item></tcccp:Item></tcccp:Index>