<tcccp:Item xmlns:tcccp="http://www.tridion.com/ContentManager/5.2/ImportExport"><tcccp:BlueprintParentUrl></tcccp:BlueprintParentUrl><tcccp:PrimaryBlueprintParentUrl></tcccp:PrimaryBlueprintParentUrl><tcccp:BinaryFileLocation></tcccp:BinaryFileLocation><tcm:Data xmlns:tcm="http://www.tridion.com/ContentManager/5.0" xmlns:xlink="http://www.w3.org/1999/xlink" xmlns:i="http://www.w3.org/2001/XMLSchema-instance" xmlns:transform-ext="urn:tridion:transform-ext"><tcm:Title>FA2</tcm:Title><tcm:Description>Just a format area</tcm:Description><tcm:Purpose>Component</tcm:Purpose><tcm:NamespaceURI>uuid:09aadfe8-8fc2-4efd-a8ee-5f772d532721</tcm:NamespaceURI><tcm:RootElementName>Content</tcm:RootElementName><tcm:IsTridionWebSchema>false</tcm:IsTridionWebSchema><tcm:XSD><xsd:schema targetNamespace="uuid:09aadfe8-8fc2-4efd-a8ee-5f772d532721" elementFormDefault="qualified" xmlns:xsd="http://www.w3.org/2001/XMLSchema" xmlns:tcmi="http://www.tridion.com/ContentManager/5.0/Instance" xmlns="uuid:09aadfe8-8fc2-4efd-a8ee-5f772d532721"><xsd:annotation><xsd:appinfo><tcm:Labels xmlns:tcm="http://www.tridion.com/ContentManager/5.0"><tcm:Label ElementName="fa" Metadata="false">FA</tcm:Label></tcm:Labels></xsd:appinfo></xsd:annotation><xsd:import namespace="http://www.tridion.com/ContentManager/5.0/Instance" schemaLocation="/webdav/cm_xml_inst.xsd" /><xsd:element name="Content"><xsd:complexType><xsd:sequence><xsd:element name="fa" minOccurs="1" maxOccurs="1" type="tcmi:XHTML"><xsd:annotation><xsd:appinfo><tcm:Size xmlns:tcm="http://www.tridion.com/ContentManager/5.0">50</tcm:Size><tcm:FilterXSLT xmlns:tcm="http://www.tridion.com/ContentManager/5.0"><xsl:stylesheet version="1.0" xmlns:xsl="http://www.w3.org/1999/XSL/Transform"><xsl:output omit-xml-declaration="yes" method="xml" cdata-section-elements="script" /><xsl:template name="FormattingFeatures"><FormattingFeatures xmlns="http://www.tridion.com/ContentManager/5.2/FormatArea"><Doctype>Transitional</Doctype><AccessibilityLevel>0</AccessibilityLevel><DisallowedActions /><DisallowedStyles /></FormattingFeatures></xsl:template><xsl:template match="/ | node() | @*"><xsl:copy><xsl:apply-templates select="node() | @*" /></xsl:copy></xsl:template><xsl:template match="/body[not(processing-instruction() or comment() or normalize-space(translate(., ' ', '')) != '' or       *[@* or * or comment() or processing-instruction() or not(self::p or self::br)])]"><!-- make an empty <body> if all the body has is empty paragraphs, line-breaks and (non-breaking) spaces --><xsl:copy /></xsl:template><xsl:template match="p[not(@* or * or comment() or processing-instruction() or normalize-space(translate(., ' ', '')) != '' or       following-sibling::node()[@* or * or comment() or processing-instruction() or not(self::p or self::text()) or normalize-space(translate(., ' ', '')) != ''])]"><!-- ignore all paragraphs at the end that have nothing but (non-breaking) spaces --></xsl:template></xsl:stylesheet></tcm:FilterXSLT></xsd:appinfo></xsd:annotation></xsd:element></xsd:sequence></xsd:complexType></xsd:element></xsd:schema></tcm:XSD><tcm:AllowedMultimediaTypes /><tcm:ComponentProcess xlink:type="simple" xlink:title="" xlink:href="tcm:0-0-0" /></tcm:Data><tcccp:Dependencies><tcccp:Dependency itemUrl="/webdav/Cookbook" mandatory="true" xpath="" itemType="Publication" dependencyType="Publication" /><tcccp:Dependency itemUrl="/webdav/Cookbook/Building%20Blocks/Schemas" mandatory="true" xpath="" itemType="Folder" dependencyType="OrganizationalItemFolder" /><tcccp:Dependency itemUrl="tcm:0-0-0" itemType="ProcessDefinition" dependencyType="ComponentProcess" mandatory="true" xpath="tcm:Data/tcm:ComponentProcess/@xlink:href" /></tcccp:Dependencies></tcccp:Item>