<tcccp:Item xmlns:tcccp="http://www.tridion.com/ContentManager/5.2/ImportExport"><tcccp:BlueprintParentUrl></tcccp:BlueprintParentUrl><tcccp:PrimaryBlueprintParentUrl></tcccp:PrimaryBlueprintParentUrl><tcccp:BinaryFileLocation></tcccp:BinaryFileLocation><tcm:Data xmlns:tcm="http://www.tridion.com/ContentManager/5.0"><tcm:Title>Cascading style sheets</tcm:Title><tcm:MIMEType>text/css</tcm:MIMEType><tcm:FileExtensions><tcm:FileExtension>css</tcm:FileExtension></tcm:FileExtensions></tcm:Data><tcccp:Dependencies /></tcccp:Item>