<tcccp:Item xmlns:tcccp="http://www.tridion.com/ContentManager/5.2/ImportExport"><tcccp:BlueprintParentUrl></tcccp:BlueprintParentUrl><tcccp:PrimaryBlueprintParentUrl></tcccp:PrimaryBlueprintParentUrl><tcccp:BinaryFileLocation></tcccp:BinaryFileLocation><tcm:Data xmlns:tcm="http://www.tridion.com/ContentManager/5.0"><tcm:Title>test</tcm:Title><tcm:FileName>test</tcm:FileName><tcm:PageTemplate IsInherited="false" xmlns:xlink="http://www.w3.org/1999/xlink" xlink:type="simple" xlink:title="PT Partition" xlink:href="/webdav/Partition/Building%20Blocks/PT%20Partition.tptcmp" /><tcm:ComponentPresentations><tcm:ComponentPresentation><tcm:Component xmlns:xlink="http://www.w3.org/1999/xlink" xlink:type="simple" xlink:title="First FA1" xlink:href="/webdav/Partition/Building%20Blocks/First%20FA1.xml" /><tcm:ComponentTemplate xmlns:xlink="http://www.w3.org/1999/xlink" xlink:type="simple" xlink:title="CT Bar" xlink:href="/webdav/Partition/Building%20Blocks/CT%20Bar.tctcmp" /><tcm:Conditions /></tcm:ComponentPresentation><tcm:ComponentPresentation><tcm:Component xmlns:xlink="http://www.w3.org/1999/xlink" xlink:type="simple" xlink:title="First FA3" xlink:href="/webdav/Partition/Building%20Blocks/First%20FA3.xml" /><tcm:ComponentTemplate xmlns:xlink="http://www.w3.org/1999/xlink" xlink:type="simple" xlink:title="CT Wibble" xlink:href="/webdav/Partition/Building%20Blocks/CT%20Wibble.tctcmp" /><tcm:Conditions /></tcm:ComponentPresentation><tcm:ComponentPresentation><tcm:Component xmlns:xlink="http://www.w3.org/1999/xlink" xlink:type="simple" xlink:title="Another FA3" xlink:href="/webdav/Partition/Building%20Blocks/Another%20FA3.xml" /><tcm:ComponentTemplate xmlns:xlink="http://www.w3.org/1999/xlink" xlink:type="simple" xlink:title="CT Foo" xlink:href="/webdav/Partition/Building%20Blocks/CT%20Foo.tctcmp" /><tcm:Conditions /></tcm:ComponentPresentation><tcm:ComponentPresentation><tcm:Component xmlns:xlink="http://www.w3.org/1999/xlink" xlink:type="simple" xlink:title="Second FA1" xlink:href="/webdav/Partition/Building%20Blocks/Second%20FA1.xml" /><tcm:ComponentTemplate xmlns:xlink="http://www.w3.org/1999/xlink" xlink:type="simple" xlink:title="CT Foo" xlink:href="/webdav/Partition/Building%20Blocks/CT%20Foo.tctcmp" /><tcm:Conditions /></tcm:ComponentPresentation></tcm:ComponentPresentations><tcm:ApprovalStatus xmlns:xlink="http://www.w3.org/1999/xlink" xlink:type="simple" xlink:title="Undefined" xlink:href="tcm:0-0-0" /><tcm:MetadataSchema xmlns:xlink="http://www.w3.org/1999/xlink" xlink:type="simple" xlink:title="" xlink:href="tcm:0-0-0" /><tcm:Metadata /></tcm:Data><tcccp:Dependencies><tcccp:Dependency itemUrl="/webdav/Partition" mandatory="true" xpath="" itemType="Publication" dependencyType="Publication" /><tcccp:Dependency itemUrl="/webdav/Partition/root" mandatory="true" xpath="" itemType="StructureGroup" dependencyType="OrganizationalItemStructureGroup" /><tcccp:Dependency itemUrl="/webdav/Partition/Building%20Blocks/PT%20Partition.tptcmp" mandatory="true" xpath="tcm:Data/tcm:PageTemplate/@xlink:href" itemType="PageTemplate" dependencyType="PageTemplate" /><tcccp:Dependency itemUrl="tcm:0-0-0" mandatory="true" xpath="tcm:Data/tcm:MetadataSchema/@xlink:href" itemType="Schema" dependencyType="MetadataSchema" /><tcccp:Dependency itemUrl="/webdav/Partition/Building%20Blocks/First%20FA1.xml" mandatory="true" xpath="tcm:Data/tcm:ComponentPresentations/tcm:ComponentPresentation[1]/tcm:Component/@xlink:href" itemType="Component" dependencyType="ComponentPresentationComponent" /><tcccp:Dependency itemUrl="/webdav/Partition/Building%20Blocks/CT%20Bar.tctcmp" mandatory="true" xpath="tcm:Data/tcm:ComponentPresentations/tcm:ComponentPresentation[1]/tcm:ComponentTemplate/@xlink:href" itemType="ComponentTemplate" dependencyType="ComponentPresentationComponentTemplate" /><tcccp:Dependency itemUrl="/webdav/Partition/Building%20Blocks/First%20FA3.xml" mandatory="true" xpath="tcm:Data/tcm:ComponentPresentations/tcm:ComponentPresentation[2]/tcm:Component/@xlink:href" itemType="Component" dependencyType="ComponentPresentationComponent" /><tcccp:Dependency itemUrl="/webdav/Partition/Building%20Blocks/CT%20Wibble.tctcmp" mandatory="true" xpath="tcm:Data/tcm:ComponentPresentations/tcm:ComponentPresentation[2]/tcm:ComponentTemplate/@xlink:href" itemType="ComponentTemplate" dependencyType="ComponentPresentationComponentTemplate" /><tcccp:Dependency itemUrl="/webdav/Partition/Building%20Blocks/Another%20FA3.xml" mandatory="true" xpath="tcm:Data/tcm:ComponentPresentations/tcm:ComponentPresentation[3]/tcm:Component/@xlink:href" itemType="Component" dependencyType="ComponentPresentationComponent" /><tcccp:Dependency itemUrl="/webdav/Partition/Building%20Blocks/CT%20Foo.tctcmp" mandatory="true" xpath="tcm:Data/tcm:ComponentPresentations/tcm:ComponentPresentation[3]/tcm:ComponentTemplate/@xlink:href" itemType="ComponentTemplate" dependencyType="ComponentPresentationComponentTemplate" /><tcccp:Dependency itemUrl="/webdav/Partition/Building%20Blocks/Second%20FA1.xml" mandatory="true" xpath="tcm:Data/tcm:ComponentPresentations/tcm:ComponentPresentation[4]/tcm:Component/@xlink:href" itemType="Component" dependencyType="ComponentPresentationComponent" /><tcccp:Dependency itemUrl="/webdav/Partition/Building%20Blocks/CT%20Foo.tctcmp" mandatory="true" xpath="tcm:Data/tcm:ComponentPresentations/tcm:ComponentPresentation[4]/tcm:ComponentTemplate/@xlink:href" itemType="ComponentTemplate" dependencyType="ComponentPresentationComponentTemplate" /><tcccp:Dependency itemUrl="tcm:0-0-0" itemType="ApprovalStatus" dependencyType="ApprovalStatus" mandatory="true" xpath="tcm:Data/tcm:ApprovalStatus/@xlink:href" /></tcccp:Dependencies></tcccp:Item>