<tcccp:Item xmlns:tcccp="http://www.tridion.com/ContentManager/5.2/ImportExport"><tcccp:BlueprintParentUrl></tcccp:BlueprintParentUrl><tcccp:PrimaryBlueprintParentUrl></tcccp:PrimaryBlueprintParentUrl><tcccp:BinaryFileLocation></tcccp:BinaryFileLocation><tcm:Data xmlns:tcm="http://www.tridion.com/ContentManager/5.0"><tcm:Title>Cleanup Template</tcm:Title><tcm:Type>CSharpTemplate</tcm:Type><tcm:Content><tcm:PublisherScript>
		&lt;%RunTemplate Template="tcm:0-0-0" Class="Tridion.ContentManager.Templating.Templates.CleanupTemplate"%&gt;
	</tcm:PublisherScript></tcm:Content><tcm:ApprovalStatus xmlns:xlink="http://www.w3.org/1999/xlink" xlink:type="simple" xlink:title="Undefined" xlink:href="tcm:0-0-0" /><tcm:MetadataSchema xmlns:xlink="http://www.w3.org/1999/xlink" xlink:type="simple" xlink:title="" xlink:href="tcm:0-0-0" /><tcm:ParameterSchema xmlns:xlink="http://www.w3.org/1999/xlink" xlink:type="simple" xlink:title="" xlink:href="tcm:0-0-0" /><tcm:Metadata /></tcm:Data><tcccp:Dependencies><tcccp:Dependency itemUrl="/webdav/Cookbook" mandatory="true" xpath="" itemType="Publication" dependencyType="Publication" /><tcccp:Dependency itemUrl="/webdav/Cookbook/Building%20Blocks/Default%20Templates" mandatory="true" xpath="" itemType="Folder" dependencyType="OrganizationalItemFolder" /><tcccp:Dependency itemUrl="tcm:0-0-0" mandatory="true" xpath="tcm:Data/tcm:ParameterSchema/@xlink:href" itemType="Schema" dependencyType="ParameterSchema" /><tcccp:Dependency itemUrl="tcm:0-0-0" mandatory="true" xpath="tcm:Data/tcm:MetadataSchema/@xlink:href" itemType="Schema" dependencyType="MetadataSchema" /><tcccp:Dependency itemUrl="tcm:0-0-0" itemType="ApprovalStatus" dependencyType="ApprovalStatus" mandatory="true" xpath="tcm:Data/tcm:ApprovalStatus/@xlink:href" /></tcccp:Dependencies><tcccp:TemplateReferences /></tcccp:Item>