<tcccp:Item xmlns:tcccp="http://www.tridion.com/ContentManager/5.2/ImportExport"><tcccp:BlueprintParentUrl></tcccp:BlueprintParentUrl><tcccp:PrimaryBlueprintParentUrl></tcccp:PrimaryBlueprintParentUrl><tcccp:BinaryFileLocation></tcccp:BinaryFileLocation><tcm:Data xmlns:tcm="http://www.tridion.com/ContentManager/5.0"><tcm:Title>DWT PT Partition</tcm:Title><tcm:Type>DreamweaverTemplate</tcm:Type><tcm:Content><tcm:PublisherScript>&lt;html&gt;
&lt;body&gt;
&lt;table border="1"&gt;
&lt;tr&gt;
  &lt;td&gt;All the CPs using "CT Foo", except those based on Schema FA3&lt;/td&gt;
  &lt;td&gt;
    &lt;!-- TemplateBeginRepeat name="Foo" --&gt;
      @@RenderComponentPresentation()@@&lt;br /&gt;
    &lt;!-- TemplateEndRepeat --&gt;
  &lt;/td&gt;
&lt;/tr&gt;
&lt;tr&gt;
  &lt;td&gt;All the CPs based on Schema FA3&lt;/td&gt;
  &lt;td&gt;
    &lt;!-- TemplateBeginRepeat name="AllTheFA3s" --&gt;
      @@RenderComponentPresentation()@@&lt;br/&gt;
    &lt;!-- TemplateEndRepeat --&gt;
  &lt;/td&gt;
&lt;/tr&gt;
&lt;tr&gt;
  &lt;td&gt;And the rest&lt;/td&gt;
  &lt;td&gt;
    &lt;!-- TemplateBeginRepeat name="Components" --&gt;
      @@RenderComponentPresentation()@@ &lt;br /&gt;
    &lt;!-- TemplateEndRepeat --&gt;
  &lt;/td&gt;
&lt;/tr&gt;
&lt;/table&gt;
&lt;/body&gt;
&lt;/html&gt;</tcm:PublisherScript></tcm:Content><tcm:ApprovalStatus xmlns:xlink="http://www.w3.org/1999/xlink" xlink:type="simple" xlink:title="Undefined" xlink:href="tcm:0-0-0" /><tcm:MetadataSchema xmlns:xlink="http://www.w3.org/1999/xlink" xlink:type="simple" xlink:title="" xlink:href="tcm:0-0-0" /><tcm:ParameterSchema xmlns:xlink="http://www.w3.org/1999/xlink" xlink:type="simple" xlink:title="Default Template Building Block Parameter Schema" xlink:href="/webdav/Cookbook/Building%20Blocks/Default%20Templates/Default%20Template%20Building%20Block%20Parameter%20Schema.xsd" /><tcm:Metadata /></tcm:Data><tcccp:Dependencies><tcccp:Dependency itemUrl="/webdav/Cookbook" mandatory="true" xpath="" itemType="Publication" dependencyType="Publication" /><tcccp:Dependency itemUrl="/webdav/Cookbook/Building%20Blocks/Templating" mandatory="true" xpath="" itemType="Folder" dependencyType="OrganizationalItemFolder" /><tcccp:Dependency itemUrl="/webdav/Cookbook/Building%20Blocks/Default%20Templates/Default%20Template%20Building%20Block%20Parameter%20Schema.xsd" mandatory="true" xpath="tcm:Data/tcm:ParameterSchema/@xlink:href" itemType="Schema" dependencyType="ParameterSchema" /><tcccp:Dependency itemUrl="tcm:0-0-0" mandatory="true" xpath="tcm:Data/tcm:MetadataSchema/@xlink:href" itemType="Schema" dependencyType="MetadataSchema" /><tcccp:Dependency itemUrl="tcm:0-0-0" itemType="ApprovalStatus" dependencyType="ApprovalStatus" mandatory="true" xpath="tcm:Data/tcm:ApprovalStatus/@xlink:href" /></tcccp:Dependencies><tcccp:TemplateReferences /></tcccp:Item>