<tcccp:Item xmlns:tcccp="http://www.tridion.com/ContentManager/5.2/ImportExport"><tcccp:BlueprintParentUrl></tcccp:BlueprintParentUrl><tcccp:PrimaryBlueprintParentUrl></tcccp:PrimaryBlueprintParentUrl><tcccp:BinaryFileLocation></tcccp:BinaryFileLocation><tcm:Data xmlns:tcm="http://www.tridion.com/ContentManager/5.0"><tcm:Name>Chief Editor</tcm:Name><tcm:Description>Chief Editor</tcm:Description><tcm:UsageConstraints /><tcm:GroupMemberships /><tcm:DirectoryGroupMappings Enabled="false" /></tcm:Data><tcccp:Dependencies /></tcccp:Item>