<tcccp:Item xmlns:tcccp="http://www.tridion.com/ContentManager/5.2/ImportExport"><tcccp:BlueprintParentUrl></tcccp:BlueprintParentUrl><tcccp:PrimaryBlueprintParentUrl></tcccp:PrimaryBlueprintParentUrl><tcccp:BinaryFileLocation></tcccp:BinaryFileLocation><tcm:Data xmlns:tcm="http://www.tridion.com/ContentManager/5.0"><tcm:Title>CT Bar</tcm:Title><tcm:Type>CompoundTemplate</tcm:Type><tcm:Priority>200</tcm:Priority><tcm:OutputFormat>HTML Fragment</tcm:OutputFormat><tcm:Content><tcm:PublisherScript>&lt;CompoundTemplate xmlns="http://www.tridion.com/ContentManager/5.3/CompoundTemplate"&gt;
  &lt;TemplateInvocation&gt;
    &lt;Template xlink:href="/webdav/Partition/Building%20Blocks/DWT%20FA%20detail.dwt" xmlns:xlink="http://www.w3.org/1999/xlink" xlink:title="DWT FA detail" /&gt;
    &lt;TemplateParameters&gt;
      &lt;Parameters xmlns="uuid:b81e2790-ded1-4fb2-b09a-4a2975c2938e" /&gt;
    &lt;/TemplateParameters&gt;
  &lt;/TemplateInvocation&gt;
&lt;/CompoundTemplate&gt;</tcm:PublisherScript><tcm:DynamicTemplate /></tcm:Content><tcm:AllowOnPage>true</tcm:AllowOnPage><tcm:IsRepositoryPublishable>false</tcm:IsRepositoryPublishable><tcm:ApprovalStatus xmlns:xlink="http://www.w3.org/1999/xlink" xlink:type="simple" xlink:title="Undefined" xlink:href="tcm:0-0-0" /><tcm:RelatedSchemas><tcm:RelatedSchema xmlns:xlink="http://www.w3.org/1999/xlink" xlink:type="simple" xlink:title="FA2" xlink:href="/webdav/Partition/Building%20Blocks/FA2.xsd" /><tcm:RelatedSchema xmlns:xlink="http://www.w3.org/1999/xlink" xlink:type="simple" xlink:title="FA1" xlink:href="/webdav/Partition/Building%20Blocks/FA1.xsd" /><tcm:RelatedSchema xmlns:xlink="http://www.w3.org/1999/xlink" xlink:type="simple" xlink:title="FA3" xlink:href="/webdav/Partition/Building%20Blocks/FA3.xsd" /></tcm:RelatedSchemas><tcm:TrackingCategories /><tcm:MetadataSchema xmlns:xlink="http://www.w3.org/1999/xlink" xlink:type="simple" xlink:title="" xlink:href="tcm:0-0-0" /><tcm:ParameterSchema xmlns:xlink="http://www.w3.org/1999/xlink" xlink:type="simple" xlink:title="" xlink:href="tcm:0-0-0" /><tcm:Metadata /></tcm:Data><tcccp:Dependencies><tcccp:Dependency itemUrl="/webdav/Partition" mandatory="true" xpath="" itemType="Publication" dependencyType="Publication" /><tcccp:Dependency itemUrl="/webdav/Partition/Building%20Blocks" mandatory="true" xpath="" itemType="Folder" dependencyType="OrganizationalItemFolder" /><tcccp:Dependency itemUrl="/webdav/Partition/Building%20Blocks/FA2.xsd" mandatory="true" xpath="tcm:Data/tcm:RelatedSchemas/tcm:RelatedSchema[1]/@xlink:href" itemType="Schema" dependencyType="ComponentTemplateAllowedSchema" /><tcccp:Dependency itemUrl="/webdav/Partition/Building%20Blocks/FA1.xsd" mandatory="true" xpath="tcm:Data/tcm:RelatedSchemas/tcm:RelatedSchema[2]/@xlink:href" itemType="Schema" dependencyType="ComponentTemplateAllowedSchema" /><tcccp:Dependency itemUrl="/webdav/Partition/Building%20Blocks/FA3.xsd" mandatory="true" xpath="tcm:Data/tcm:RelatedSchemas/tcm:RelatedSchema[3]/@xlink:href" itemType="Schema" dependencyType="ComponentTemplateAllowedSchema" /><tcccp:Dependency itemUrl="tcm:0-0-0" mandatory="true" xpath="tcm:Data/tcm:ParameterSchema/@xlink:href" itemType="Schema" dependencyType="ParameterSchema" /><tcccp:Dependency itemUrl="tcm:0-0-0" mandatory="true" xpath="tcm:Data/tcm:MetadataSchema/@xlink:href" itemType="Schema" dependencyType="MetadataSchema" /><tcccp:Dependency itemUrl="/webdav/Partition/Building%20Blocks/DWT%20FA%20detail.dwt" itemType="TemplateBuildingBlock" dependencyType="TemplateLinkedItem" mandatory="true" xpath="tcccp:TemplateReferences/tcccp:TemplateReference[1]" /><tcccp:Dependency itemUrl="tcm:0-0-0" itemType="ApprovalStatus" dependencyType="ApprovalStatus" mandatory="true" xpath="tcm:Data/tcm:ApprovalStatus/@xlink:href" /></tcccp:Dependencies><tcccp:TemplateReferences><tcccp:TemplateReference isTcmReference="true" itemType="2048">/webdav/Partition/Building%20Blocks/DWT%20FA%20detail.dwt</tcccp:TemplateReference></tcccp:TemplateReferences></tcccp:Item>