<tcccp:Item xmlns:tcccp="http://www.tridion.com/ContentManager/5.2/ImportExport"><tcccp:BlueprintParentUrl></tcccp:BlueprintParentUrl><tcccp:PrimaryBlueprintParentUrl></tcccp:PrimaryBlueprintParentUrl><tcccp:BinaryFileLocation></tcccp:BinaryFileLocation><tcm:Data xmlns:tcm="http://www.tridion.com/ContentManager/5.0"><tcm:Title>Cookbook</tcm:Title><tcm:PublicationPath>\</tcm:PublicationPath><tcm:PublicationURL>/</tcm:PublicationURL><tcm:MultimediaPath>\Images</tcm:MultimediaPath><tcm:MultimediaURL>/Images</tcm:MultimediaURL><tcm:DefaultPageTemplate xmlns:xlink="http://www.w3.org/1999/xlink" xlink:type="simple" xlink:title="Default Page Template" xlink:href="/webdav/Cookbook/Building%20Blocks/Default%20Templates/Default%20Page%20Template.tptcmp" /><tcm:DefaultComponentTemplate xmlns:xlink="http://www.w3.org/1999/xlink" xlink:type="simple" xlink:title="Default Component Template" xlink:href="/webdav/Cookbook/Building%20Blocks/Default%20Templates/Default%20Component%20Template.tctcmp" /><tcm:DefaultTemplateBuildingBlock xmlns:xlink="http://www.w3.org/1999/xlink" xlink:type="simple" xlink:title="Default Template Building Block" xlink:href="/webdav/Cookbook/Building%20Blocks/Default%20Templates/Default%20Template%20Building%20Block.tbbcmp" /><tcm:DefaultMultimediaSchema xmlns:xlink="http://www.w3.org/1999/xlink" xlink:type="simple" xlink:title="Default Multimedia Schema" xlink:href="/webdav/Cookbook/Building%20Blocks/Default%20Multimedia%20Schema.xsd" /><tcm:ParentPublications /><tcm:PageTemplateProcess xmlns:xlink="http://www.w3.org/1999/xlink" xlink:type="simple" xlink:title="" xlink:href="tcm:0-0-0" /><tcm:ComponentTemplateProcess xmlns:xlink="http://www.w3.org/1999/xlink" xlink:type="simple" xlink:title="" xlink:href="tcm:0-0-0" /><tcm:ComponentSnapshotTemplate xmlns:xlink="http://www.w3.org/1999/xlink" xlink:type="simple" xlink:title="Default Component Template" xlink:href="/webdav/Cookbook/Building%20Blocks/Default%20Templates/Default%20Component%20Template.tctcmp" /><tcm:PageSnapshotTemplate xmlns:xlink="http://www.w3.org/1999/xlink" xlink:type="simple" xlink:title="" xlink:href="tcm:0-0-0" /><tcm:ShareProcessAssociations>false</tcm:ShareProcessAssociations><tcm:MetadataSchema xmlns:xlink="http://www.w3.org/1999/xlink" xlink:type="simple" xlink:title="" xlink:href="tcm:0-0-0" /><tcm:Metadata /><tcm:CategoriesXSD><xsd:schema xmlns:xlink="http://www.w3.org/1999/xlink" xmlns:category="tcm:0-2-1/Categories.xsd" targetNamespace="tcm:0-2-1/Categories.xsd" xmlns:xsd="http://www.w3.org/2001/XMLSchema"><xsd:import namespace="http://www.w3.org/1999/xlink" schemaLocation="/webdav/cm_lnk.xsd" /><xsd:attribute name="CategoryURI" type="xsd:anyURI" /></xsd:schema></tcm:CategoriesXSD><tcm:PublicationType>Unspecified</tcm:PublicationType><tcm:Key>Cookbook</tcm:Key></tcm:Data><tcccp:Dependencies><tcccp:Dependency itemUrl="/webdav/Cookbook/Building%20Blocks/Default%20Multimedia%20Schema.xsd" mandatory="true" xpath="tcm:Data/tcm:DefaultMultimediaSchema/@xlink:href" itemType="Schema" dependencyType="DefaultMultimediaSchema" /><tcccp:Dependency itemUrl="/webdav/Cookbook/Building%20Blocks/Default%20Templates/Default%20Template%20Building%20Block.tbbcmp" mandatory="true" xpath="tcm:Data/tcm:DefaultTemplateBuildingBlock/@xlink:href" itemType="TemplateBuildingBlock" dependencyType="DefaultTemplateBuildingBlock" /><tcccp:Dependency itemUrl="/webdav/Cookbook/Building%20Blocks/Default%20Templates/Default%20Component%20Template.tctcmp" mandatory="true" xpath="tcm:Data/tcm:DefaultComponentTemplate/@xlink:href" itemType="ComponentTemplate" dependencyType="DefaultComponentTemplate" /><tcccp:Dependency itemUrl="/webdav/Cookbook/Building%20Blocks/Default%20Templates/Default%20Page%20Template.tptcmp" mandatory="true" xpath="tcm:Data/tcm:DefaultPageTemplate/@xlink:href" itemType="PageTemplate" dependencyType="DefaultPageTemplate" /><tcccp:Dependency itemUrl="tcm:0-0-0" mandatory="true" xpath="tcm:Data/tcm:MetadataSchema/@xlink:href" itemType="Schema" dependencyType="MetadataSchema" /><tcccp:Dependency itemUrl="tcm:0-0-0" itemType="ProcessDefinition" dependencyType="PageTemplateProcess" mandatory="true" xpath="tcm:Data/tcm:PageTemplateProcess/@xlink:href" /><tcccp:Dependency itemUrl="tcm:0-0-0" itemType="ProcessDefinition" dependencyType="ComponentTemplateProcess" mandatory="true" xpath="tcm:Data/tcm:ComponentTemplateProcess/@xlink:href" /><tcccp:Dependency itemUrl="/webdav/Cookbook/Building%20Blocks/Default%20Templates/Default%20Component%20Template.tctcmp" mandatory="true" xpath="tcm:Data/tcm:ComponentSnapshotTemplate/@xlink:href" itemType="ComponentTemplate" dependencyType="ComponentSnapshotTemplate" /><tcccp:Dependency itemUrl="tcm:0-0-0" mandatory="true" xpath="tcm:Data/tcm:PageSnapshotTemplate/@xlink:href" itemType="PageTemplate" dependencyType="PageSnapshotTemplate" /></tcccp:Dependencies></tcccp:Item>