<tcccp:Item xmlns:tcccp="http://www.tridion.com/ContentManager/5.2/ImportExport"><tcccp:BlueprintParentUrl></tcccp:BlueprintParentUrl><tcccp:PrimaryBlueprintParentUrl></tcccp:PrimaryBlueprintParentUrl><tcccp:BinaryFileLocation></tcccp:BinaryFileLocation><tcm:Data xmlns:tcm="http://www.tridion.com/ContentManager/5.0"><tcm:Title>First FA1</tcm:Title><tcm:Type>Normal</tcm:Type><tcm:Schema xmlns:xlink="http://www.w3.org/1999/xlink" xlink:type="simple" xlink:title="FA1" xlink:href="/webdav/Cookbook/Building%20Blocks/Schemas/FA1.xsd" IsMandatory="false" /><tcm:Content><Content xmlns="uuid:09aadfe8-8fc2-4efd-a8ee-5f772d532721"><fa>This is the first FA1 Component</fa></Content></tcm:Content><tcm:Metadata /><tcm:ApprovalStatus xmlns:xlink="http://www.w3.org/1999/xlink" xlink:type="simple" xlink:title="Undefined" xlink:href="tcm:0-0-0" /><tcm:IsBasedOnTridionWebSchema>true</tcm:IsBasedOnTridionWebSchema><tcm:MultimediaType xmlns:xlink="http://www.w3.org/1999/xlink" xlink:type="simple" xlink:title="" xlink:href="tcm:0-0-0" /></tcm:Data><tcccp:Dependencies><tcccp:Dependency itemUrl="/webdav/Cookbook" mandatory="true" xpath="" itemType="Publication" dependencyType="Publication" /><tcccp:Dependency itemUrl="/webdav/Cookbook/Building%20Blocks/Content" mandatory="true" xpath="" itemType="Folder" dependencyType="OrganizationalItemFolder" /><tcccp:Dependency itemUrl="/webdav/Cookbook/Building%20Blocks/Schemas/FA1.xsd" mandatory="true" xpath="tcm:Data/tcm:Schema/@xlink:href" itemType="Schema" dependencyType="Schema" /><tcccp:Dependency itemUrl="tcm:0-0-0" itemType="ApprovalStatus" dependencyType="ApprovalStatus" mandatory="true" xpath="tcm:Data/tcm:ApprovalStatus/@xlink:href" /></tcccp:Dependencies></tcccp:Item>