<?xml version="1.0" encoding="utf-8"?><tcccp:Mappings version="3.0" xmlns:tcccp="http://www.tridion.com/ContentManager/5.2/ImportExport"><tcccp:ItemSet role="Component"><tcccp:Mapping exportContext="/Cookbook/Building%20Blocks/Content" exportTitle="Another%20FA3.xml" importContext="" importTitle="" /><tcccp:Mapping exportContext="/Cookbook/Building%20Blocks/Content" exportTitle="First%20FA1.xml" importContext="" importTitle="" /><tcccp:Mapping exportContext="/Cookbook/Building%20Blocks/Content" exportTitle="First%20FA3.xml" importContext="" importTitle="" /><tcccp:Mapping exportContext="/Cookbook/Building%20Blocks/Content" exportTitle="Second%20FA1.xml" importContext="" importTitle="" /></tcccp:ItemSet><tcccp:ItemSet role="ComponentTemplate"><tcccp:Mapping exportContext="/Cookbook/Building%20Blocks/Default%20Templates" exportTitle="Default%20Component%20Template.tctcmp" importContext="" importTitle="" /><tcccp:Mapping exportContext="/Cookbook/Building%20Blocks/Templating" exportTitle="CT%20Bar.tctcmp" importContext="" importTitle="" /><tcccp:Mapping exportContext="/Cookbook/Building%20Blocks/Templating" exportTitle="CT%20Foo.tctcmp" importContext="" importTitle="" /><tcccp:Mapping exportContext="/Cookbook/Building%20Blocks/Templating" exportTitle="CT%20Wibble.tctcmp" importContext="" importTitle="" /></tcccp:ItemSet><tcccp:ItemSet role="Folder"><tcccp:Mapping exportContext="/Cookbook" exportTitle="Building%20Blocks" importContext="" importTitle="" /><tcccp:Mapping exportContext="/Cookbook/Building%20Blocks" exportTitle="Content" importContext="" importTitle="" /><tcccp:Mapping exportContext="/Cookbook/Building%20Blocks" exportTitle="Default%20Templates" importContext="" importTitle="" /><tcccp:Mapping exportContext="/Cookbook/Building%20Blocks" exportTitle="Schemas" importContext="" importTitle="" /><tcccp:Mapping exportContext="/Cookbook/Building%20Blocks" exportTitle="Templating" importContext="" importTitle="" /></tcccp:ItemSet><tcccp:ItemSet role="MultimediaType"><tcccp:Mapping exportContext="/" exportTitle="Bitmap%20image.tmt" importContext="/" importTitle="" /><tcccp:Mapping exportContext="/" exportTitle="Cascading%20style%20sheets.tmt" importContext="/" importTitle="" /><tcccp:Mapping exportContext="/" exportTitle="Configuration%20settings.tmt" importContext="/" importTitle="" /><tcccp:Mapping exportContext="/" exportTitle="Excel%20sheet.tmt" importContext="/" importTitle="" /><tcccp:Mapping exportContext="/" exportTitle="Executable.tmt" importContext="/" importTitle="" /><tcccp:Mapping exportContext="/" exportTitle="Flash%20file.tmt" importContext="/" importTitle="" /><tcccp:Mapping exportContext="/" exportTitle="Gif%20image.tmt" importContext="/" importTitle="" /><tcccp:Mapping exportContext="/" exportTitle="Java%20script.tmt" importContext="/" importTitle="" /><tcccp:Mapping exportContext="/" exportTitle="Jpeg%20image.tmt" importContext="/" importTitle="" /><tcccp:Mapping exportContext="/" exportTitle="Mp3%20music.tmt" importContext="/" importTitle="" /><tcccp:Mapping exportContext="/" exportTitle="Mpeg%20video.tmt" importContext="/" importTitle="" /><tcccp:Mapping exportContext="/" exportTitle="MSAccess%20database.tmt" importContext="/" importTitle="" /><tcccp:Mapping exportContext="/" exportTitle="Pdf%20document.tmt" importContext="/" importTitle="" /><tcccp:Mapping exportContext="/" exportTitle="Plain%20text.tmt" importContext="/" importTitle="" /><tcccp:Mapping exportContext="/" exportTitle="Png%20image.tmt" importContext="/" importTitle="" /><tcccp:Mapping exportContext="/" exportTitle="Powerpoint%20presentation.tmt" importContext="/" importTitle="" /><tcccp:Mapping exportContext="/" exportTitle="QuickTime%20movie.tmt" importContext="/" importTitle="" /><tcccp:Mapping exportContext="/" exportTitle="Real%20player.tmt" importContext="/" importTitle="" /><tcccp:Mapping exportContext="/" exportTitle="Rich%20text.tmt" importContext="/" importTitle="" /><tcccp:Mapping exportContext="/" exportTitle="Sound%20file.tmt" importContext="/" importTitle="" /><tcccp:Mapping exportContext="/" exportTitle="Word%20document.tmt" importContext="/" importTitle="" /></tcccp:ItemSet><tcccp:ItemSet role="Page"><tcccp:Mapping exportContext="/Cookbook/root" exportTitle="test%20partition%20templating.tpg" importContext="" importTitle="" /></tcccp:ItemSet><tcccp:ItemSet role="PageTemplate"><tcccp:Mapping exportContext="/Cookbook/Building%20Blocks/Default%20Templates" exportTitle="Default%20Page%20Template.tptcmp" importContext="" importTitle="" /><tcccp:Mapping exportContext="/Cookbook/Building%20Blocks/Templating" exportTitle="PT%20Partition.tptcmp" importContext="" importTitle="" /></tcccp:ItemSet><tcccp:ItemSet role="Publication"><tcccp:Mapping exportContext="" exportTitle="Cookbook" importContext="" importTitle="" /></tcccp:ItemSet><tcccp:ItemSet role="Schema"><tcccp:Mapping exportContext="/Cookbook/Building%20Blocks" exportTitle="Default%20Multimedia%20Schema.xsd" importContext="" importTitle="" /><tcccp:Mapping exportContext="/Cookbook/Building%20Blocks/Default%20Templates" exportTitle="Convert%20Xml%20to%20Html%20Parameters%20Schema.xsd" importContext="" importTitle="" /><tcccp:Mapping exportContext="/Cookbook/Building%20Blocks/Default%20Templates" exportTitle="Default%20Finish%20Actions%20Parameter%20Schema.xsd" importContext="" importTitle="" /><tcccp:Mapping exportContext="/Cookbook/Building%20Blocks/Default%20Templates" exportTitle="Default%20Template%20Building%20Block%20Parameter%20Schema.xsd" importContext="" importTitle="" /><tcccp:Mapping exportContext="/Cookbook/Building%20Blocks/Default%20Templates" exportTitle="Dreamweaver%20Region%20Selection%20Parameter%20Schema.xsd" importContext="" importTitle="" /><tcccp:Mapping exportContext="/Cookbook/Building%20Blocks/Default%20Templates" exportTitle="Link%20Resolver%20Parameters%20Schema.xsd" importContext="" importTitle="" /><tcccp:Mapping exportContext="/Cookbook/Building%20Blocks/Default%20Templates" exportTitle="Publish%20Binaries%20in%20Package%20Parameters%20Schema.xsd" importContext="" importTitle="" /><tcccp:Mapping exportContext="/Cookbook/Building%20Blocks/Schemas" exportTitle="FA1.xsd" importContext="" importTitle="" /><tcccp:Mapping exportContext="/Cookbook/Building%20Blocks/Schemas" exportTitle="FA2.xsd" importContext="" importTitle="" /><tcccp:Mapping exportContext="/Cookbook/Building%20Blocks/Schemas" exportTitle="FA3.xsd" importContext="" importTitle="" /></tcccp:ItemSet><tcccp:ItemSet role="StructureGroup"><tcccp:Mapping exportContext="/Cookbook" exportTitle="root" importContext="" importTitle="" /></tcccp:ItemSet><tcccp:ItemSet role="TemplateBuildingBlock"><tcccp:Mapping exportContext="/Cookbook/Building%20Blocks/Default%20Templates" exportTitle="Cleanup%20Template.tbbcs" importContext="" importTitle="" /><tcccp:Mapping exportContext="/Cookbook/Building%20Blocks/Default%20Templates" exportTitle="Convert%20Xml%20to%20Html.tbbcs" importContext="" importTitle="" /><tcccp:Mapping exportContext="/Cookbook/Building%20Blocks/Default%20Templates" exportTitle="Default%20Dreamweaver%20Component%20Design.dwt" importContext="" importTitle="" /><tcccp:Mapping exportContext="/Cookbook/Building%20Blocks/Default%20Templates" exportTitle="Default%20Dreamweaver%20Page%20Design.dwt" importContext="" importTitle="" /><tcccp:Mapping exportContext="/Cookbook/Building%20Blocks/Default%20Templates" exportTitle="Default%20Finish%20Actions.tbbcmp" importContext="" importTitle="" /><tcccp:Mapping exportContext="/Cookbook/Building%20Blocks/Default%20Templates" exportTitle="Default%20Template%20Building%20Block.tbbcmp" importContext="" importTitle="" /><tcccp:Mapping exportContext="/Cookbook/Building%20Blocks/Default%20Templates" exportTitle="Extract%20Components%20from%20Page.tbbcs" importContext="" importTitle="" /><tcccp:Mapping exportContext="/Cookbook/Building%20Blocks/Default%20Templates" exportTitle="Link%20Resolver.tbbcs" importContext="" importTitle="" /><tcccp:Mapping exportContext="/Cookbook/Building%20Blocks/Default%20Templates" exportTitle="Publish%20Binaries%20in%20Package.tbbcs" importContext="" importTitle="" /><tcccp:Mapping exportContext="/Cookbook/Building%20Blocks/Default%20Templates" exportTitle="Target%20Group%20Personalization.tbbcs" importContext="" importTitle="" /><tcccp:Mapping exportContext="/Cookbook/Building%20Blocks/Templating" exportTitle="DWT%20FA%20detail.dwt" importContext="" importTitle="" /><tcccp:Mapping exportContext="/Cookbook/Building%20Blocks/Templating" exportTitle="DWT%20PT%20Partition.dwt" importContext="" importTitle="" /><tcccp:Mapping exportContext="/Cookbook/Building%20Blocks/Templating" exportTitle="PartitionExample.tbbcs" importContext="" importTitle="" /><tcccp:Mapping exportContext="/Cookbook/Building%20Blocks/Templating" exportTitle="TridionPractice%2ECookbook.tbbasm" importContext="" importTitle="" /></tcccp:ItemSet><!-- Add a URI element for each URI you want to replace, e.g:
<tcccp:URIReplacements>
	<tcccp:URI source="tcm:69-735" destination="tcm:118-882" />
	<tcccp:URI source="tcm:69-231" destination="/webdav/Publication/Building%20Blocks/MyComponent.xml" />
</tcccp:URIReplacements>
--></tcccp:Mappings>