<tcccp:Item xmlns:tcccp="http://www.tridion.com/ContentManager/5.2/ImportExport"><tcccp:BlueprintParentUrl></tcccp:BlueprintParentUrl><tcccp:PrimaryBlueprintParentUrl></tcccp:PrimaryBlueprintParentUrl><tcccp:BinaryFileLocation></tcccp:BinaryFileLocation><tcm:Data xmlns:tcm="http://www.tridion.com/ContentManager/5.0"><tcm:Title>Page Process</tcm:Title><tcm:FirstActivityDefinition xmlns:xlink="http://www.w3.org/1999/xlink" xlink:type="simple" xlink:href="tcm:2-31-131088" xlink:title="Create or Edit Page" /><tcm:StoreSnapshot>false</tcm:StoreSnapshot><tcm:ActivityDefinitions><tcm:ActivityDefinition xmlns:xlink="http://www.w3.org/1999/xlink" xlink:type="simple" xlink:href="tcm:2-31-131088" xlink:title="Create or Edit Page"><tcm:ActivityType Type="0" Title="Normal" /><tcm:Description>Create page.
This activity could also be a subsequent edit if it has been sent back.</tcm:Description><tcm:Assignee xlink:type="simple" xlink:title="Everyone" xlink:href="tcm:0-1-65568" /><tcm:Script /><tcm:ApprovalStatus xlink:type="simple" xlink:title="Default_Draft" xlink:href="tcm:0-2-131073" /><tcm:NextActivityDefinitions><tcm:ActivityDefinition xlink:type="simple" xlink:title="Review" xlink:href="tcm:2-32-131088" /></tcm:NextActivityDefinitions></tcm:ActivityDefinition><tcm:ActivityDefinition xmlns:xlink="http://www.w3.org/1999/xlink" xlink:type="simple" xlink:href="tcm:2-32-131088" xlink:title="Review"><tcm:ActivityType Type="1" Title="Decision" /><tcm:Description>Review and approve the page. Send it through for further approval or send it back.</tcm:Description><tcm:Assignee xlink:type="simple" xlink:title="Editor" xlink:href="tcm:0-7-65568" /><tcm:Script /><tcm:ApprovalStatus xlink:type="simple" xlink:title="Default_Staging" xlink:href="tcm:0-3-131073" /><tcm:NextActivityDefinitions><tcm:ActivityDefinition xlink:type="simple" xlink:title="Approve for Publish" xlink:href="tcm:2-33-131088" /><tcm:ActivityDefinition xlink:type="simple" xlink:title="Back to Editors Group" xlink:href="tcm:2-35-131088" /><tcm:ActivityDefinition xlink:type="simple" xlink:title="Back to Previous Editor" xlink:href="tcm:2-36-131088" /></tcm:NextActivityDefinitions></tcm:ActivityDefinition><tcm:ActivityDefinition xmlns:xlink="http://www.w3.org/1999/xlink" xlink:type="simple" xlink:href="tcm:2-33-131088" xlink:title="Approve for Publish"><tcm:ActivityType Type="1" Title="Decision" /><tcm:Description>Review and approve the page. Send it through and it will be ready to be published or send it back.</tcm:Description><tcm:Assignee xlink:type="simple" xlink:title="Chief Editor" xlink:href="tcm:0-8-65568" /><tcm:Script /><tcm:ApprovalStatus xlink:type="simple" xlink:title="Undefined" xlink:href="tcm:0-0-0" /><tcm:NextActivityDefinitions><tcm:ActivityDefinition xlink:type="simple" xlink:title="Review" xlink:href="tcm:2-32-131088" /><tcm:ActivityDefinition xlink:type="simple" xlink:title="Process Complete" xlink:href="tcm:2-34-131088" /></tcm:NextActivityDefinitions></tcm:ActivityDefinition><tcm:ActivityDefinition xmlns:xlink="http://www.w3.org/1999/xlink" xlink:type="simple" xlink:href="tcm:2-34-131088" xlink:title="Process Complete"><tcm:ActivityType Type="0" Title="Normal" /><tcm:Description>The page process is complete and it is ready to be manually published.</tcm:Description><tcm:Assignee xlink:type="simple" xlink:title="NT AUTHORITY\SYSTEM" xlink:href="tcm:0-3-65552" /><tcm:Script>
' Script for Automatic Activity Content Manager Workflow

FinishActivity "Automatic Activity ""Process Complete"" Finished"
</tcm:Script><tcm:ApprovalStatus xlink:type="simple" xlink:title="Default_Live" xlink:href="tcm:0-4-131073" /><tcm:NextActivityDefinitions /></tcm:ActivityDefinition><tcm:ActivityDefinition xmlns:xlink="http://www.w3.org/1999/xlink" xlink:type="simple" xlink:href="tcm:2-35-131088" xlink:title="Back to Editors Group"><tcm:ActivityType Type="0" Title="Normal" /><tcm:Description>The page was reviewed by an editor and will be sent back to the editors group. Any member of that group can pick up the assignment from the assignment list.</tcm:Description><tcm:Assignee xlink:type="simple" xlink:title="NT AUTHORITY\SYSTEM" xlink:href="tcm:0-3-65552" /><tcm:Script>
' Script for Automatic Activity Content Manager Workflow
' Assign to "Editor" Group
    
' Get a list with all Groups
Dim strListGroups
strListGroups = TDSE.GetListTrustees(2) ' 2 = TrusteeGroup

' Load the list with Groups in DOM Document
' for easy processing
Dim objGroupsDOMDoc
Set objGroupsDOMDoc = CreateObject("MSXML2.DOMDocument.4.0")
Call objGroupsDOMDoc.SetProperty("SelectionLanguage", "XPath")
Call objGroupsDOMDoc.SetProperty("SelectionNamespaces", "xmlns:tcm='http://www.tridion.com/ContentManager/5.0'")

Call objGroupsDOMDoc.LoadXML(strListGroups)

' Perform an XPath query
' to find the "Editor" group Trustee ID by its DefaultGroup ID
Dim strEditorTrusteeURI
strEditorTrusteeURI = objGroupsDOMDoc.documentElement.selectSingleNode("tcm:Item[@DefaultGroup='5']").Attributes.GetNamedItem("ID").Text

Set objGroupsDOMDoc = Nothing

' We need to propagate the last Activity Finish Message as
' Finish Message to this Activity
' Get the Process Instance URI
Dim strProcessInstanceURI
strProcessInstanceURI = CurrentWorkItem.ActivityInstance.ProcessInstance.id

' Get the Process Instance object
Dim objProcessInstance
Set objProcessInstance = TDSE.GetObject(strProcessInstanceURI, 1) ' 1 = OpenModeView

' Get all Activity Instances
Dim objActivityInstances
Set objActivityInstances = objProcessInstance.ActivityInstances

' Get the Message
Dim strLastMessage
strLastMessage = objActivityInstances(objActivityInstances.Count - 1).FinishMessage

' Cleanup
Set objGroups = Nothing
Set objGroup = Nothing
Set objProcessInstance = Nothing
Set objActivityInstances = Nothing

' Finish the Current Activity with assigning the next Activity to "Editor"
Call FinishActivity(CStr(strLastMessage), , strEditorTrusteeURI)
</tcm:Script><tcm:ApprovalStatus xlink:type="simple" xlink:title="Default_Draft" xlink:href="tcm:0-2-131073" /><tcm:NextActivityDefinitions><tcm:ActivityDefinition xlink:type="simple" xlink:title="Create or Edit Page" xlink:href="tcm:2-31-131088" /></tcm:NextActivityDefinitions></tcm:ActivityDefinition><tcm:ActivityDefinition xmlns:xlink="http://www.w3.org/1999/xlink" xlink:type="simple" xlink:href="tcm:2-36-131088" xlink:title="Back to Previous Editor"><tcm:ActivityType Type="0" Title="Normal" /><tcm:Description>The page was reviewed by an editor and will be sent back to the previous editor. That user can then pick up the assignment from the assignment list.</tcm:Description><tcm:Assignee xlink:type="simple" xlink:title="NT AUTHORITY\SYSTEM" xlink:href="tcm:0-3-65552" /><tcm:Script>
' Script for Automatic Activity Content Manager Workflow
' Assign to the last performer of "Create Page" activity
    
' Get the Process Instance URI
Dim strProcessInstanceURI
strProcessInstanceURI = CurrentWorkItem.ActivityInstance.ProcessInstance.ID

' Get the Process Instance object
Dim objProcessInstance
Set objProcessInstance = TDSE.GetObject(strProcessInstanceURI, 1) ' 1 = OpenModeView

' Get all Activity Instances
Dim objActivityInstances
Set objActivityInstances = objProcessInstance.ActivityInstances

' Scan all Activity Instances to find the last
' instance of "Create Page" Activity
Dim strLastCreatePagePerformerURI
Dim objActivityInstance
For Each objActivityInstance In objActivityInstances
    If objActivityInstance.ActivityDefinition.Title = "Create or Edit Page" Then
        ' If Workflow Admin has finished that instance, Performer will be Nothing
        If Not objActivityInstance.Performer Is Nothing Then
            ' Store the performer URI
            strLastCreatePagePerformerURI = objActivityInstance.Performer.id
        End If
    End If
Next

' We need to propagate the last Activity Finish Message as
' Finish Message to this Activity
Dim strLastMessage
strLastMessage = objActivityInstances(objActivityInstances.Count - 1).FinishMessage

' Cleanup
Set objProcessInstance = Nothing
Set objActivityInstances = Nothing
Set objActivityInstance = Nothing

' Finish the Current Activity with assigning the next Activity to the last performer
' of "Create Page" activity
Call FinishActivity (CStr(strLastMessage), , strLastCreatePagePerformerURI)
</tcm:Script><tcm:ApprovalStatus xlink:type="simple" xlink:title="Default_Draft" xlink:href="tcm:0-2-131073" /><tcm:NextActivityDefinitions><tcm:ActivityDefinition xlink:type="simple" xlink:title="Create or Edit Page" xlink:href="tcm:2-31-131088" /></tcm:NextActivityDefinitions></tcm:ActivityDefinition></tcm:ActivityDefinitions><tcm:Diagram /></tcm:Data><tcccp:Dependencies><tcccp:Dependency itemUrl="/webdav/Partition" itemType="Publication" dependencyType="Publication" mandatory="true" xpath="" /><tcccp:Dependency itemUrl="/webdav/Partition" itemType="Publication" dependencyType="OrganizationalItemPublication" mandatory="true" xpath="" /><tcccp:Dependency itemUrl="/webdav//Everyone.tgp" itemType="Group" dependencyType="Group" mandatory="true" xpath="tcm:Data/*[4]/*[1]/tcm:Assignee/@xlink:href" /><tcccp:Dependency itemUrl="/webdav//Default_Draft.tas" itemType="ApprovalStatus" dependencyType="ApprovalStatus" mandatory="true" xpath="tcm:Data/*[4]/*[1]/tcm:ApprovalStatus/@xlink:href" /><tcccp:Dependency itemUrl="/webdav//Editor.tgp" itemType="Group" dependencyType="Group" mandatory="true" xpath="tcm:Data/*[4]/*[2]/tcm:Assignee/@xlink:href" /><tcccp:Dependency itemUrl="/webdav//Default_Staging.tas" itemType="ApprovalStatus" dependencyType="ApprovalStatus" mandatory="true" xpath="tcm:Data/*[4]/*[2]/tcm:ApprovalStatus/@xlink:href" /><tcccp:Dependency itemUrl="/webdav//Chief%20Editor.tgp" itemType="Group" dependencyType="Group" mandatory="true" xpath="tcm:Data/*[4]/*[3]/tcm:Assignee/@xlink:href" /><tcccp:Dependency itemUrl="tcm:0-0-0" itemType="ApprovalStatus" dependencyType="ApprovalStatus" mandatory="true" xpath="tcm:Data/*[4]/*[3]/tcm:ApprovalStatus/@xlink:href" /><tcccp:Dependency itemUrl="/webdav//Default_Live.tas" itemType="ApprovalStatus" dependencyType="ApprovalStatus" mandatory="true" xpath="tcm:Data/*[4]/*[4]/tcm:ApprovalStatus/@xlink:href" /><tcccp:Dependency itemUrl="/webdav//Default_Draft.tas" itemType="ApprovalStatus" dependencyType="ApprovalStatus" mandatory="true" xpath="tcm:Data/*[4]/*[5]/tcm:ApprovalStatus/@xlink:href" /><tcccp:Dependency itemUrl="/webdav//Default_Draft.tas" itemType="ApprovalStatus" dependencyType="ApprovalStatus" mandatory="true" xpath="tcm:Data/*[4]/*[6]/tcm:ApprovalStatus/@xlink:href" /></tcccp:Dependencies></tcccp:Item>